591;659;2022-08-27 22:27:29;18495;3
849;702;2022-12-19 06:46:12;2121;6
451;89;2022-07-14 05:50:01;4033;3
578;661;2022-01-14 15:53:34;43255;2
41;394;2022-08-31 12:57:59;20526;2
361;207;2022-05-09 15:44:08;11954;4
56;725;2022-06-16 12:00:10;15646;2
256;431;2022-12-16 13:28:20;6155;2
100;549;2022-09-22 18:04:51;18104;6
595;680;2022-01-17 06:04:19;32768;5
813;696;2022-12-14 18:33:51;28537;2
397;890;2022-12-26 19:55:51;39336;6
523;590;2022-05-06 15:16:32;15170;3
689;599;2022-11-04 18:55:53;23887;6
111;376;2022-11-12 19:09:58;5924;3
655;522;2022-10-18 10:27:53;37686;2
203;763;2022-11-03 11:37:02;5023;6
470;163;2022-05-28 05:27:51;2974;2
762;275;2022-03-15 23:57:48;17293;5
971;440;2022-08-01 23:36:12;34135;3
320;498;2022-07-04 03:20:53;1413;5
339;978;2022-11-13 22:09:43;43700;6
895;433;2022-11-28 04:41:45;11825;3
978;74;2022-01-12 03:00:17;23392;4
853;668;2022-05-04 15:42:08;26343;2
203;833;2022-05-29 08:57:36;5623;3
212;637;2022-11-07 18:37:46;14215;4
472;367;2022-10-09 23:24:06;25793;2
21;336;2022-12-29 21:55:45;30673;4
62;846;2022-08-13 15:09:18;20056;5
289;461;2022-01-13 08:10:39;16080;5
565;780;2022-10-14 17:58:42;39228;2
550;988;2022-05-13 09:29:12;24626;5
358;678;2022-05-08 08:31:38;39378;6
602;641;2022-12-06 14:27:16;24243;3
33;565;2022-07-18 08:50:13;31995;3
633;635;2022-04-06 05:25:02;30279;6
972;606;2022-04-07 21:54:50;43427;6
243;209;2022-04-24 11:31:35;22323;2
555;741;2022-06-06 16:45:39;6459;4
771;883;2022-05-21 15:58:59;4413;4
156;935;2022-01-23 08:59:38;42102;3
459;386;2022-08-05 01:39:01;5252;6
834;272;2022-01-23 22:38:30;42468;3
406;784;2022-04-10 17:42:50;32902;3
348;706;2022-08-15 23:35:00;38246;3
132;210;2022-05-04 00:07:43;35531;6
781;455;2022-05-23 06:56:16;37405;2
672;149;2022-12-28 07:06:43;36930;4
731;536;2022-05-28 07:49:57;36897;5
460;645;2022-10-21 07:47:58;6432;5
895;827;2022-07-06 11:38:46;26105;5
748;624;2022-04-27 01:43:37;6189;6
620;760;2022-11-22 12:22:09;32011;5
733;921;2022-08-10 20:07:30;3366;3
269;26;2022-02-13 01:31:34;22244;6
237;665;2022-02-06 03:36:05;23183;4
320;753;2022-11-29 04:20:14;39762;5
887;856;2022-04-01 19:42:09;33310;4
449;942;2022-02-19 11:18:21;37392;4
606;67;2022-12-10 23:43:29;36248;2
429;571;2022-11-20 00:19:41;12115;5
986;204;2022-05-03 09:28:36;32802;6
901;24;2022-03-03 09:15:57;24518;2
134;925;2022-07-15 09:20:01;43636;6
236;158;2022-02-26 09:44:36;3163;2
778;393;2022-03-15 10:02:04;31904;6
805;76;2022-01-12 18:18:46;17218;3
293;454;2022-04-17 09:17:58;9077;3
865;497;2022-01-27 05:18:46;42242;5
373;14;2022-01-11 15:13:30;8360;5
954;482;2022-09-29 04:50:42;22395;5
18;958;2022-01-27 13:57:29;29631;6
143;786;2022-10-21 23:52:46;16923;5
767;191;2022-05-10 08:12:39;39206;2
74;883;2022-07-15 09:52:58;16798;2
546;238;2022-05-06 03:47:29;31076;6
1;831;2022-03-16 15:51:38;16478;2
688;903;2022-08-20 08:40:07;20990;6
948;633;2022-06-17 23:14:20;11287;3
649;764;2022-11-25 16:33:10;21190;2
27;287;2022-03-25 07:09:39;9977;2
574;455;2022-01-05 21:54:27;5581;6
459;429;2022-11-26 05:16:51;25536;4
216;961;2022-02-26 11:22:07;6667;3
51;197;2022-01-13 16:17:45;1767;5
867;564;2022-08-13 10:25:18;2324;2
588;165;2022-08-02 17:00:53;9621;2
745;191;2022-03-18 20:58:56;40687;3
60;626;2022-03-26 00:15:24;39592;5
645;307;2022-09-26 09:02:58;7357;2
793;839;2022-08-23 20:16:34;14756;6
425;358;2022-07-10 00:20:06;31026;2
232;71;2022-05-07 05:28:42;19904;3
33;41;2022-07-12 22:27:36;24596;5
351;202;2022-10-21 16:43:18;29090;6
456;100;2022-10-06 16:02:45;37880;6
58;883;2022-01-28 08:45:25;29962;5
578;957;2022-06-17 05:41:05;29771;3
270;708;2022-06-24 06:52:34;37676;2
912;985;2022-09-14 11:45:07;13347;5
812;173;2022-10-16 19:18:05;3482;3
257;218;2022-06-10 19:40:22;3128;4
121;897;2022-03-01 13:16:01;35063;3
70;864;2022-02-10 00:45:19;35101;2
392;513;2022-06-07 13:57:19;40717;6
188;659;2022-12-13 01:38:31;3153;6
216;545;2022-10-20 01:00:35;39635;5
931;240;2022-05-07 16:51:57;37253;3
285;15;2022-01-11 22:56:08;13392;3
763;668;2022-04-26 12:31:11;7757;6
93;120;2022-06-12 08:46:39;40575;2
829;34;2022-12-12 20:29:52;37011;4
378;579;2022-11-29 19:34:58;25408;5
791;853;2022-03-06 20:22:58;18909;5
917;55;2022-06-28 06:19:45;38826;5
440;931;2022-10-04 21:19:53;8775;6
626;443;2022-02-16 16:45:13;27885;5
716;197;2022-03-03 15:43:39;26768;2
866;155;2022-06-03 08:53:08;2008;2
259;89;2022-03-05 12:21:35;9285;2
6;821;2022-02-26 01:48:08;38145;4
462;620;2022-09-11 09:05:04;33790;3
105;491;2022-03-08 19:49:59;27199;2
492;548;2022-10-03 00:26:26;10969;5
775;243;2022-10-26 05:18:58;4532;3
584;730;2022-05-01 10:52:31;39537;2
827;779;2022-01-12 07:01:15;33562;3
374;778;2022-01-27 08:50:11;8289;3
799;658;2022-02-01 16:42:03;13999;6
493;286;2022-09-01 18:32:08;4805;6
512;823;2022-11-23 16:45:05;12361;6
652;617;2022-01-19 12:22:03;10659;4
920;141;2022-12-27 19:28:20;34060;3
375;576;2022-12-26 22:59:36;40951;5
923;448;2022-11-16 15:15:18;31677;2
669;805;2022-05-13 20:49:25;28175;3
760;462;2022-02-08 21:37:01;8081;2
991;17;2022-11-23 01:55:24;21591;6
575;722;2022-12-21 12:22:54;28234;3
257;846;2022-06-20 23:02:26;27287;3
221;484;2022-02-09 18:33:26;1506;4
845;46;2022-11-26 15:43:55;19148;6
18;405;2022-05-05 05:55:23;8473;5
156;542;2022-10-24 02:16:47;3714;4
96;995;2022-04-20 15:37:27;43822;6
358;254;2022-01-14 05:55:55;13541;4
829;217;2022-12-16 04:46:40;38603;6
4;72;2022-10-11 04:26:52;17345;6
595;901;2022-02-10 06:07:09;24622;6
393;344;2022-01-07 20:31:22;31552;6
141;87;2022-10-07 15:37:31;14220;4
710;92;2022-07-26 07:23:15;7449;6
639;346;2022-09-10 20:18:09;39271;6
619;634;2022-12-04 22:31:45;10620;3
544;570;2022-02-24 09:13:47;21822;4
223;873;2022-04-06 05:03:34;42633;2
364;797;2022-05-16 21:08:32;5280;2
12;18;2022-12-12 08:00:35;40120;4
331;672;2022-06-06 09:24:24;5001;3
164;750;2022-01-31 03:43:46;11143;5
686;168;2022-04-24 09:39:12;36507;4
931;930;2022-04-17 09:57:49;7604;3
645;946;2022-05-18 02:33:28;9975;5
91;969;2022-11-08 02:15:54;33796;6
103;144;2022-09-28 06:59:41;29723;3
992;540;2022-02-26 22:20:58;8230;4
685;443;2022-10-26 13:58:56;28750;4
340;541;2022-11-07 04:41:02;43896;2
843;29;2022-11-09 07:28:56;28248;5
658;186;2022-04-30 23:54:50;17688;5
214;717;2022-11-22 20:17:07;6642;6
604;816;2022-08-30 06:15:29;21614;5
117;283;2022-04-13 11:08:22;35487;6
23;99;2022-08-12 23:34:01;43344;6
566;675;2022-02-27 03:04:53;17932;4
944;539;2022-02-03 17:41:13;21564;6
183;237;2022-08-12 22:53:12;8128;3
502;281;2022-02-13 13:46:51;43389;4
258;147;2022-10-17 15:51:33;3642;6
389;883;2022-01-20 02:20:20;23806;6
240;713;2022-07-07 03:13:44;6951;3
864;931;2022-06-10 17:07:21;14422;3
134;224;2022-02-18 07:25:21;12335;6
575;275;2022-11-21 20:33:38;7475;3
109;760;2022-08-03 19:04:14;15489;3
853;785;2022-11-05 03:38:25;2676;3
454;64;2022-09-15 02:57:29;4872;6
837;514;2022-09-19 01:56:15;30689;3
566;541;2022-10-23 17:30:04;36425;4
72;259;2022-08-01 18:24:24;35881;6
963;576;2022-10-08 09:45:43;37082;3
77;940;2022-08-24 06:21:55;28939;6
808;128;2022-07-07 13:32:54;13642;4
874;192;2022-12-31 12:30:32;19052;4
574;520;2022-05-10 16:15:41;22537;6
276;373;2022-02-25 18:59:05;41515;2
342;42;2022-11-01 06:35:14;27591;2
928;451;2022-09-19 09:33:04;22107;6
58;6;2022-01-13 09:49:39;41091;2
280;639;2022-02-19 06:50:40;35562;4
891;964;2022-01-19 06:10:01;35162;6
839;134;2022-07-19 20:05:56;34109;4
459;713;2022-06-30 15:53:57;8247;4
109;28;2022-07-30 06:02:18;8318;2
340;799;2022-05-12 05:48:46;43395;5
567;206;2022-05-15 14:03:06;7113;3
517;927;2022-01-12 01:37:28;28220;5
645;54;2022-01-07 17:17:50;33046;6
786;270;2022-05-12 16:36:25;6454;6
544;182;2022-01-18 04:13:37;36853;3
45;390;2022-01-06 18:37:30;10053;2
208;662;2022-08-15 06:50:24;7027;3
297;966;2022-02-17 06:23:42;12701;2
346;389;2022-12-26 14:52:54;3575;3
344;542;2022-01-04 12:48:18;14250;6
835;119;2022-01-25 23:47:55;29993;6
680;619;2022-04-22 11:56:38;9710;2
8;579;2022-08-23 09:08:28;29868;6
355;368;2022-10-20 20:13:02;6793;6
358;882;2022-11-03 05:46:25;34848;4
32;400;2022-04-27 08:10:29;15575;3
819;376;2022-10-30 10:04:49;6654;5
134;88;2022-05-29 06:05:49;40338;4
685;81;2022-04-04 20:47:20;8278;3
541;175;2022-02-24 23:58:56;42566;6
890;141;2022-11-23 23:32:52;9646;3
153;846;2022-06-05 14:53:41;41962;6
540;809;2022-02-22 15:38:11;22509;4
430;330;2022-01-27 14:55:37;17371;4
80;320;2022-08-11 20:09:10;13784;5
894;898;2022-01-02 10:07:38;12729;6
222;546;2022-06-22 05:25:00;23889;3
107;744;2022-06-27 10:53:51;6776;6
395;698;2022-09-10 03:08:30;15074;2
434;441;2022-10-31 21:09:16;34661;4
133;397;2022-03-30 13:29:19;30265;4
500;79;2022-09-17 05:23:38;15641;2
956;602;2022-01-17 04:34:03;21738;6
684;73;2022-10-14 14:38:35;17964;6
824;120;2022-11-19 01:44:19;29547;3
700;973;2022-03-25 02:19:33;30900;6
812;64;2022-07-07 15:38:46;13694;2
547;614;2022-11-07 19:32:13;16020;2
393;374;2022-08-14 23:29:48;24191;3
968;753;2022-11-25 18:50:05;40591;4
987;168;2022-02-25 12:48:47;12256;4
185;910;2022-08-09 10:56:41;15970;4
946;749;2022-05-03 21:14:33;3226;4
124;732;2022-09-21 16:25:04;19122;3
344;973;2022-04-23 02:34:13;38996;2
550;265;2022-12-14 22:04:34;10589;2
285;278;2022-07-18 11:47:31;18366;5
171;406;2022-12-25 20:49:37;26339;2
7;878;2022-12-12 22:15:59;5695;3
767;218;2022-03-28 09:36:30;38658;5
867;936;2022-04-27 19:37:43;35034;4
931;693;2022-11-12 11:47:12;8714;5
507;904;2022-08-14 06:25:56;32888;4
188;674;2022-12-16 22:03:55;16466;2
386;104;2022-04-27 13:09:22;34019;4
154;456;2022-12-16 02:13:39;25097;6
643;144;2022-03-16 17:33:13;9307;4
542;916;2022-07-21 06:06:46;8260;4
228;108;2022-09-05 18:45:32;25320;6
965;181;2022-05-22 19:41:36;41904;5
724;104;2022-02-04 15:16:49;22767;3
950;379;2022-09-02 04:36:56;26257;2
442;283;2022-09-05 17:54:52;11513;2
415;647;2022-04-02 18:10:36;15459;5
452;330;2022-10-07 21:06:04;21806;3
319;422;2022-03-19 09:33:50;18861;5
616;49;2022-05-29 16:48:10;44188;4
159;631;2022-03-28 18:23:45;1288;3
161;276;2022-05-14 09:02:29;16549;5
130;557;2022-09-28 20:06:45;10421;3
552;456;2022-05-10 02:12:03;2585;3
530;52;2022-09-07 00:07:57;8949;5
123;603;2022-04-05 22:53:34;25213;3
287;181;2022-07-16 16:47:33;15074;2
530;690;2022-02-05 08:06:53;31173;6
533;409;2022-03-10 01:36:51;10506;5
730;364;2022-01-27 13:11:54;29367;6
16;102;2022-09-26 11:39:52;13763;2
883;827;2022-12-02 14:58:06;44019;6
801;768;2022-03-27 22:21:50;42224;5
80;704;2022-01-19 00:30:32;24961;3
57;8;2022-09-11 23:47:58;18716;2
700;946;2022-02-26 16:15:40;26850;6
670;781;2022-11-15 14:43:08;26927;4
783;514;2022-12-02 22:29:21;1244;6
782;556;2022-08-20 10:36:18;4773;3
281;824;2022-04-26 15:51:30;18619;6
364;43;2022-10-31 05:34:11;13477;2
444;882;2022-10-07 05:36:23;37526;4
44;404;2022-01-19 23:26:54;23484;4
539;947;2022-03-10 09:11:48;44086;4
322;975;2022-05-27 08:20:40;23742;4
197;54;2022-01-21 12:07:42;37239;6
18;948;2022-01-30 14:47:15;34146;6
381;667;2022-03-01 18:10:09;42142;2
652;902;2022-04-16 13:37:44;13323;4
717;993;2022-08-31 03:23:22;3355;6
569;626;2022-12-27 20:56:36;26265;6
218;712;2022-05-07 14:03:49;16693;2
429;879;2022-03-18 02:47:53;31878;5
302;877;2022-01-21 11:28:40;32279;2
733;26;2022-04-15 20:00:50;10018;6
235;385;2022-08-13 21:16:28;34990;4
800;873;2022-07-11 04:06:34;35865;4
6;161;2022-12-22 03:54:28;23291;3
928;926;2022-09-04 18:56:21;10002;6
609;373;2022-09-26 01:36:11;16419;5
965;504;2022-06-11 10:38:17;14573;4
721;178;2022-07-29 01:03:02;22428;4
697;444;2022-04-20 17:55:18;36103;3
393;791;2022-11-13 11:22:56;4283;5
895;653;2022-03-14 02:02:44;36484;3
253;262;2022-06-03 12:34:17;9463;4
210;716;2022-06-21 04:33:14;22180;4
616;779;2022-05-11 11:29:11;9770;5
857;840;2022-01-02 20:12:05;24095;3
233;716;2022-07-15 14:15:10;29526;6
19;455;2022-05-05 11:21:08;27989;2
733;523;2022-06-16 05:55:48;18179;5
278;934;2022-11-09 05:34:08;5156;4
507;208;2022-08-20 02:37:35;8305;6
438;378;2022-08-07 23:47:06;16217;2
222;271;2022-04-13 23:33:49;17836;3
739;970;2022-06-14 11:20:42;14737;2
958;581;2022-09-20 07:03:16;9461;2
823;71;2022-06-05 11:41:45;5560;2
297;815;2022-08-05 05:02:26;29622;6
276;213;2022-08-03 00:47:13;38407;5
545;488;2022-08-02 10:48:52;9144;4
634;501;2022-07-31 13:18:41;40282;5
441;508;2022-05-31 14:44:38;43399;3
271;378;2022-05-22 02:52:42;43011;4
300;990;2022-09-07 16:23:45;37319;2
408;322;2022-09-05 08:50:07;35259;5
938;904;2022-07-21 06:25:28;7970;6
136;240;2022-09-29 22:06:52;8606;3
788;430;2022-09-15 04:58:11;4478;5
226;622;2022-05-29 23:49:16;30090;4
456;982;2022-11-08 13:08:25;4825;5
816;558;2022-05-29 08:45:03;9640;5
946;659;2022-02-06 08:53:09;42528;6
354;793;2022-10-23 07:13:16;26627;2
554;975;2022-01-22 14:11:19;3458;5
996;207;2022-05-03 09:03:51;16913;3
824;996;2022-01-19 22:42:39;31059;2
38;233;2022-02-27 06:28:25;35266;6
926;100;2022-08-05 08:40:50;11735;4
487;644;2022-07-08 14:24:13;43691;2
735;794;2022-03-13 23:53:07;23298;2
180;97;2022-09-07 13:34:41;36281;4
2;407;2022-04-18 10:13:37;43819;5
666;19;2022-10-18 16:12:43;5014;6
644;790;2022-10-24 15:08:18;30619;4
970;495;2022-07-09 20:28:44;26453;5
1;84;2022-06-15 20:11:21;17555;2
412;981;2022-03-24 08:34:35;10283;6
381;609;2022-03-29 10:11:02;22998;4
55;188;2022-12-24 18:14:30;28156;6
254;922;2022-01-05 19:56:08;20918;3
998;948;2022-07-12 19:47:20;22214;2
757;127;2022-03-08 22:56:22;16651;6
788;961;2022-05-21 22:48:12;7796;4
625;523;2022-07-01 01:41:53;20714;6
11;791;2022-04-06 02:43:23;19761;5
883;885;2022-05-02 21:49:17;22673;5
798;971;2022-04-21 04:34:59;34313;5
246;2;2022-02-23 05:43:36;31388;6
980;465;2022-04-02 16:45:49;27167;2
316;958;2022-04-21 07:43:21;17986;2
79;938;2022-06-06 12:52:52;44076;2
936;518;2022-01-27 11:19:14;25591;6
18;940;2022-01-18 04:51:22;4019;3
661;2;2022-08-06 14:23:14;19634;3
556;789;2022-05-19 01:48:59;8260;5
790;509;2022-09-20 08:18:30;36928;4
675;945;2022-05-19 13:47:03;8580;4
565;660;2022-10-04 21:27:50;17782;3
179;619;2022-09-09 03:17:51;15176;4
641;69;2022-07-03 21:18:45;8635;6
435;145;2022-03-02 22:39:53;15940;2
770;254;2022-03-19 07:01:35;12504;2
415;269;2022-05-26 20:00:49;1662;4
403;864;2022-04-10 02:42:15;3670;6
662;96;2022-07-18 23:43:05;16080;5
873;501;2022-07-31 13:59:55;35220;6
374;634;2022-04-21 13:21:46;31253;3
408;998;2022-11-09 16:23:10;24511;3
470;108;2022-11-28 10:30:11;39490;2
402;174;2022-09-26 09:30:53;3332;5
895;483;2022-07-20 23:26:15;36005;6
625;396;2022-02-17 16:00:32;39736;2
785;252;2022-10-29 17:43:06;35792;5
853;142;2022-10-30 07:49:05;39312;2
970;9;2022-05-03 07:55:33;9526;4
158;663;2022-11-18 05:29:13;11160;5
854;832;2022-10-25 18:36:56;21678;4
422;723;2022-09-08 09:21:00;30181;5
537;862;2022-11-18 03:55:33;20506;3
289;311;2022-04-18 03:24:22;12127;6
206;413;2022-03-04 08:06:46;25078;5
458;373;2022-05-21 14:36:17;7560;4
601;61;2022-10-19 11:55:07;14936;2
387;980;2022-06-16 00:27:47;31924;4
157;982;2022-05-29 19:23:55;35427;4
715;845;2022-06-14 20:26:50;20608;6
161;631;2022-02-13 18:12:01;18087;3
907;752;2022-01-27 19:57:38;26682;6
300;638;2022-02-06 13:14:39;43808;6
912;67;2022-02-16 03:24:38;12865;5
904;218;2022-09-05 01:28:54;17954;2
826;339;2022-05-15 18:12:06;10469;3
926;462;2022-10-28 18:15:04;38540;4
406;243;2022-02-22 09:30:49;21572;6
165;64;2022-04-04 05:01:04;35586;4
922;938;2022-06-06 20:36:07;2947;2
451;37;2022-10-06 15:35:05;33843;4
282;548;2022-07-21 09:54:11;27199;4
361;426;2022-08-06 17:19:18;35936;6
514;89;2022-09-20 15:39:06;40269;2
791;301;2022-12-17 17:45:54;42290;3
879;420;2022-10-06 08:04:20;30595;6
331;748;2022-11-17 17:35:46;16706;2
611;628;2022-02-17 01:17:44;2170;6
87;426;2022-06-19 17:19:52;23947;3
634;580;2022-10-24 21:08:22;10418;6
820;689;2022-12-17 11:36:55;17300;5
566;330;2022-07-27 14:07:03;30395;4
430;90;2022-12-12 02:07:05;17704;4
560;894;2022-04-29 06:37:44;36829;3
444;438;2022-02-21 04:59:04;23810;2
208;831;2022-09-22 05:01:53;26750;2
769;271;2022-05-09 12:40:40;44010;6
499;170;2022-04-04 02:06:34;4469;5
94;61;2022-05-05 07:20:36;32185;6
578;482;2022-09-03 16:48:14;25135;5
645;269;2022-07-13 04:19:26;6203;4
370;850;2022-01-15 04:39:00;22609;5
861;375;2022-12-26 15:57:20;14197;4
379;747;2022-03-28 22:08:49;28348;6
833;618;2022-03-26 07:31:52;43379;6
170;328;2022-05-20 12:30:26;18470;3
303;462;2022-04-01 15:56:35;10357;2
630;886;2022-11-24 10:11:07;20964;3
352;434;2022-06-30 09:42:31;5226;3
217;292;2022-12-07 08:39:42;32085;5
775;686;2022-12-21 18:13:25;3425;5
319;492;2022-11-21 15:52:17;8165;5
917;498;2022-05-27 19:53:33;23886;2
864;347;2022-10-09 01:36:47;1904;4
1;96;2022-04-07 08:03:10;12319;5
655;686;2022-06-12 15:21:12;5954;3
485;432;2022-02-16 06:08:09;6147;2
165;398;2022-01-10 13:02:55;1190;5
409;619;2022-04-15 07:48:39;17864;6
410;917;2022-04-25 11:45:37;3363;4
506;318;2022-05-02 06:12:41;43281;2
105;546;2022-02-21 12:32:55;6313;4
605;623;2022-09-01 15:12:47;19593;4
527;106;2022-02-21 19:29:34;13130;3
502;909;2022-01-20 23:13:27;4515;6
559;858;2022-02-08 23:36:59;42260;4
774;753;2022-08-21 17:50:58;17608;5
663;57;2022-02-17 21:51:15;13336;4
918;356;2022-03-26 16:30:58;2493;5
522;871;2022-12-17 01:13:42;1164;6
154;454;2022-02-27 04:48:54;30689;5
106;251;2022-10-10 22:24:40;5774;5
698;967;2022-01-17 15:22:20;38905;2
876;572;2022-10-23 14:59:45;30157;2
25;140;2022-10-03 03:38:15;33350;5
938;727;2022-02-12 08:01:03;6706;4
592;667;2022-12-26 17:53:54;16315;6
423;353;2022-10-27 11:39:50;11661;4
253;599;2022-02-15 23:10:28;23414;4
291;338;2022-12-21 06:30:34;4230;3
403;726;2022-04-25 03:39:01;33980;6
801;473;2022-03-19 08:05:39;22635;3
460;347;2022-06-09 06:42:01;6900;5
901;807;2022-04-20 22:51:10;21738;3
632;656;2022-10-14 04:41:33;34394;3
914;530;2022-11-17 06:06:09;24954;4
66;436;2022-08-08 08:41:09;14300;2
235;100;2022-08-09 09:47:37;7836;4
197;528;2022-02-21 11:26:38;41030;6
222;700;2022-10-18 19:32:18;27360;4
487;672;2022-12-15 18:51:14;25944;3
564;686;2022-11-29 00:22:20;29090;3
980;412;2022-06-29 22:06:08;4634;2
454;34;2022-05-31 08:02:19;27645;4
697;382;2022-06-25 04:32:35;25901;3
257;183;2022-11-06 05:35:26;41075;3
871;565;2022-07-03 02:48:29;36025;6
898;450;2022-09-15 09:20:01;42792;3
705;138;2022-08-13 14:27:07;44168;5
35;738;2022-03-07 12:57:31;34299;4
394;844;2022-12-30 03:06:03;25818;3
223;524;2022-07-29 07:38:26;10764;4
602;303;2022-08-05 21:04:59;9202;4
388;617;2022-02-27 12:04:35;33475;2
136;680;2022-05-06 11:24:23;35787;5
13;404;2022-11-24 05:12:02;40456;2
490;200;2022-10-04 02:51:55;13831;5
931;331;2022-03-02 22:51:15;37547;4
433;276;2022-10-13 07:23:30;2855;3
871;758;2022-05-16 19:21:33;8950;3
907;471;2022-02-04 08:48:43;14201;4
685;717;2022-12-09 03:37:27;41613;6
833;674;2022-08-31 19:02:43;23678;5
691;514;2022-08-22 22:50:56;17613;2
389;479;2022-01-24 06:38:31;38368;5
692;153;2022-05-16 07:03:47;23555;4
506;584;2022-07-04 07:44:44;37014;3
617;633;2022-06-08 04:39:27;5703;4
521;722;2022-03-22 04:25:27;23815;5
436;709;2022-11-08 16:27:39;26027;2
139;791;2022-02-02 10:35:13;17916;2
646;773;2022-03-14 20:59:07;26750;5
99;886;2022-06-12 14:01:04;11214;5
663;644;2022-05-03 01:19:46;8487;5
980;871;2022-04-28 07:58:17;31324;5
581;97;2022-01-27 19:19:46;34289;5
478;969;2022-02-16 10:33:20;22462;4
513;769;2022-09-15 11:31:02;44030;4
204;841;2022-04-27 15:44:23;5131;4
922;444;2022-09-11 05:20:12;38249;5
168;619;2022-08-20 23:01:12;36838;2
414;331;2022-10-24 11:06:54;8585;4
134;594;2022-04-02 18:12:00;22265;3
688;460;2022-12-01 13:33:32;1867;4
366;631;2022-03-11 00:18:34;41734;4
292;201;2022-05-08 03:33:54;7952;2
27;451;2022-03-18 16:07:28;30275;3
941;356;2022-09-29 04:16:56;32234;5
396;485;2022-06-11 15:57:20;33789;2
370;780;2022-03-05 15:12:23;12849;2
489;362;2022-09-11 09:24:20;42048;5
548;199;2022-04-28 05:19:10;10067;2
980;758;2022-10-07 15:09:53;38927;4
540;256;2022-11-24 08:23:20;15351;5
684;153;2022-09-24 14:27:46;32961;5
732;398;2022-04-15 00:17:52;32584;2
211;947;2022-04-27 09:25:19;37157;5
594;347;2022-03-31 07:56:23;32599;5
955;562;2022-02-15 15:10:54;12629;6
220;341;2022-01-09 10:20:06;15467;6
883;763;2022-03-02 08:44:59;4222;3
348;910;2022-11-28 12:40:15;8899;3
850;238;2022-10-30 17:07:24;36635;6
916;160;2022-04-29 20:18:31;32058;5
491;798;2022-09-21 18:19:12;29713;4
489;989;2022-01-21 23:24:55;22048;2
219;216;2022-12-24 07:44:06;7003;5
617;671;2022-01-30 11:42:01;31340;6
360;818;2022-04-30 15:44:27;24674;5
855;432;2022-12-27 18:19:56;7007;5
780;56;2022-10-17 11:46:47;38446;3
224;236;2022-12-08 21:31:48;5564;5
205;989;2022-07-05 11:49:44;30607;5
599;746;2022-03-26 15:59:45;31352;2
916;178;2022-08-22 20:47:45;7801;4
791;231;2022-09-05 09:17:35;4268;5
954;942;2022-07-23 16:02:52;2823;4
334;99;2022-01-16 03:15:46;5872;2
611;384;2022-12-12 11:43:11;6914;5
912;813;2022-11-14 21:37:12;32908;3
107;546;2022-08-05 23:23:16;36724;5
85;492;2022-07-24 06:32:06;39213;3
659;175;2022-07-06 09:49:29;12002;3
70;283;2022-09-17 16:47:46;34108;3
202;744;2022-03-29 00:12:21;11233;2
288;594;2022-12-20 02:37:18;31374;4
986;709;2022-06-12 09:23:22;21876;4
573;456;2022-09-28 15:10:57;4991;3
156;954;2022-04-05 03:10:08;24833;2
948;284;2022-09-27 09:03:06;5032;3
265;875;2022-05-15 23:44:25;2469;3
523;240;2022-11-30 16:51:46;31206;3
357;496;2022-05-14 05:14:53;31587;3
202;943;2022-09-20 10:12:42;40984;5
465;208;2022-11-30 05:52:34;30058;6
462;589;2022-07-16 02:29:01;19280;2
135;457;2022-11-26 03:15:13;5190;5
869;656;2022-10-13 20:40:41;21114;4
809;504;2022-09-01 05:49:23;26235;5
13;83;2022-03-05 20:24:15;27592;4
794;546;2022-01-07 04:09:54;1548;3
219;965;2022-08-20 07:15:01;17523;6
995;256;2022-05-18 10:58:03;43343;2
516;563;2022-11-30 23:39:11;6911;5
217;829;2022-01-18 18:03:04;18597;3
450;919;2022-01-07 14:59:43;36825;5
170;819;2022-09-19 18:33:02;20764;5
861;273;2022-01-04 12:09:51;27982;5
922;283;2022-12-06 01:47:36;35310;5
748;373;2022-06-29 01:55:52;29379;2
662;374;2022-02-10 13:08:33;36790;6
194;671;2022-09-01 03:54:56;35263;2
108;831;2022-07-04 01:02:54;18995;5
887;77;2022-08-28 00:52:49;35254;4
475;817;2022-10-08 17:33:46;29993;2
208;161;2022-09-23 12:03:30;28379;2
555;686;2022-03-22 06:26:28;30325;3
817;4;2022-01-28 07:17:23;13093;3
546;603;2022-09-27 18:09:43;26998;5
547;254;2022-12-26 22:52:10;2936;4
737;136;2022-11-04 03:50:24;28209;2
212;360;2022-05-12 15:49:24;14130;2
965;496;2022-10-30 20:30:13;28446;2
407;676;2022-01-09 04:43:17;14992;2
264;119;2022-06-06 16:14:11;9120;6
756;431;2022-12-26 02:22:12;37461;6
473;340;2022-01-23 18:25:01;39429;2
174;442;2022-07-11 06:56:17;6804;2
386;482;2022-01-22 00:42:46;11794;2
578;474;2022-04-23 16:14:19;39690;2
526;449;2022-02-17 03:03:07;4885;2
758;908;2022-10-05 10:20:57;22283;2
190;355;2022-06-25 06:11:01;16695;2
674;270;2022-06-16 23:04:15;34884;2
380;170;2022-10-19 06:11:35;21660;6
419;757;2022-11-04 18:03:54;42216;4
74;566;2022-05-06 14:19:35;5715;3
486;748;2022-03-14 04:23:57;12587;6
427;805;2022-03-23 13:31:23;8282;6
442;834;2022-04-29 19:44:55;27257;5
209;960;2022-12-20 11:15:57;5887;2
920;721;2022-01-01 17:26:30;44400;5
700;286;2022-01-05 07:26:02;8534;2
750;603;2022-01-01 16:36:02;3081;2
935;136;2022-03-01 08:42:23;35881;3
301;749;2022-10-17 17:49:11;7597;6
874;937;2022-04-27 12:50:08;9136;2
589;90;2022-04-10 17:18:26;36333;4
216;741;2022-10-29 17:33:32;38760;2
34;152;2022-07-21 10:39:44;27727;6
881;112;2022-05-27 15:26:07;14812;3
190;490;2022-11-26 14:18:48;15531;2
804;40;2022-11-27 06:38:29;19325;6
442;566;2022-02-02 07:27:03;4355;2
200;478;2022-07-14 07:12:02;35556;2
662;702;2022-12-27 20:11:35;19046;6
510;707;2022-04-17 19:33:04;26436;2
176;804;2022-01-19 08:18:19;44282;5
4;460;2022-03-09 05:58:39;39012;6
996;187;2022-03-09 02:53:31;34334;6
317;897;2022-03-20 14:48:55;29529;3
488;247;2022-12-17 12:28:19;40257;6
850;733;2022-05-21 20:28:02;35989;5
942;661;2022-02-02 18:34:40;10086;2
199;255;2022-05-15 18:22:34;1722;3
443;69;2022-05-11 22:46:09;1441;2
759;848;2022-06-05 05:51:59;12956;6
193;341;2022-09-15 22:23:01;20463;2
977;427;2022-09-28 00:20:53;35898;2
421;932;2022-10-10 00:03:53;38090;6
649;166;2022-10-14 06:29:46;29282;5
773;928;2022-10-17 00:30:41;41849;3
674;184;2022-04-09 18:48:41;9065;3
498;263;2022-02-17 14:00:07;18648;6
293;552;2022-03-19 08:01:34;12595;4
901;514;2022-05-20 04:07:57;10639;4
994;425;2022-02-08 20:27:43;31264;6
841;349;2022-03-04 13:22:17;23091;4
669;206;2022-12-09 07:33:14;27526;2
354;978;2022-03-29 18:40:00;10802;5
142;168;2022-05-18 22:25:32;6103;3
165;819;2022-07-30 05:45:18;14811;3
283;794;2022-12-26 20:44:28;1351;5
489;220;2022-05-31 15:50:59;24765;2
883;424;2022-08-06 12:20:14;26521;6
3;355;2022-04-06 09:14:26;13473;4
805;599;2022-09-07 09:00:07;14339;6
683;879;2022-04-19 15:44:02;8670;2
459;259;2022-06-16 04:00:45;11192;3
281;173;2022-06-28 19:51:24;33063;6
665;538;2022-02-01 01:39:51;43559;2
103;488;2022-03-11 02:42:25;38972;3
861;550;2022-10-14 21:55:01;14041;6
748;818;2022-05-28 04:50:27;38528;6
96;629;2022-07-13 12:25:24;38077;6
242;90;2022-08-20 16:45:50;33128;4
277;168;2022-09-30 19:27:39;32203;6
484;624;2022-09-05 02:11:33;33626;6
496;229;2022-08-06 21:25:14;34891;5
185;483;2022-07-08 11:15:09;20513;5
19;380;2022-01-04 04:36:05;11013;6
296;381;2022-04-18 17:49:59;4142;2
233;406;2022-12-11 15:10:31;25268;6
256;786;2022-07-30 17:32:59;26101;5
903;307;2022-02-02 14:33:10;24884;5
143;478;2022-07-19 18:59:28;42784;6
474;25;2022-03-12 04:02:49;26033;4
681;145;2022-08-29 03:28:03;12963;4
501;417;2022-03-02 20:44:31;40982;6
819;698;2022-11-28 04:50:25;38163;4
114;277;2022-11-12 02:57:42;31974;5
804;77;2022-05-16 14:05:19;38382;5
721;329;2022-03-13 05:37:17;34624;3
211;737;2022-04-14 01:18:57;5884;5
632;988;2022-03-07 10:21:05;10279;4
188;87;2022-06-25 10:55:55;8087;3
953;335;2022-01-28 22:39:20;16308;2
960;994;2022-11-18 22:34:59;22271;2
307;738;2022-10-25 13:28:06;26804;3
609;264;2022-08-13 08:48:12;5782;5
421;976;2022-08-22 22:50:36;20685;4
655;813;2022-02-09 08:30:10;18890;3
265;651;2022-10-23 02:51:54;35496;6
596;462;2022-11-18 09:06:49;4492;4
369;913;2022-09-09 16:21:30;3661;2
984;54;2022-02-26 17:53:45;2756;5
339;13;2022-02-28 14:56:40;21217;5
467;578;2022-12-08 17:29:51;17755;3
589;742;2022-02-13 01:25:28;7240;5
539;618;2022-01-15 14:59:59;34703;6
604;193;2022-05-28 12:44:58;30060;6
485;133;2022-02-27 13:42:43;40258;3
935;720;2022-05-11 15:31:49;12080;2
340;304;2022-11-21 01:21:36;29402;4
884;178;2022-12-07 23:20:51;37299;6
528;718;2022-10-20 06:56:24;43662;4
627;870;2022-04-04 04:30:03;5039;6
961;733;2022-09-17 22:40:46;29998;6
604;413;2022-01-20 05:18:24;21521;6
947;647;2022-06-10 08:31:15;34964;3
781;464;2022-05-16 21:48:01;38378;6
481;453;2022-01-05 22:37:56;9472;5
720;870;2022-11-28 04:21:26;8826;3
536;59;2022-02-05 01:50:23;24146;2
37;690;2022-01-20 07:14:40;23431;4
54;554;2022-09-27 11:53:20;43728;5
169;556;2022-05-31 13:01:55;6498;6
14;128;2022-07-12 15:51:47;21955;3
29;694;2022-05-13 19:43:31;38072;3
13;896;2022-02-12 03:03:45;4007;5
306;638;2022-10-28 13:24:38;1934;2
600;282;2022-06-25 08:18:13;38790;5
591;584;2022-11-09 12:48:23;31828;6
655;717;2022-07-08 20:43:24;37759;4
333;150;2022-11-02 20:18:30;33935;6
630;246;2022-04-22 11:56:16;9786;6
256;781;2022-05-11 11:42:20;37282;5
594;292;2022-06-24 19:29:15;19748;2
356;430;2022-01-08 14:41:23;20718;6
356;44;2022-05-10 22:23:11;23812;2
502;469;2022-10-17 15:47:27;21087;4
354;235;2022-09-03 17:43:33;1921;3
77;101;2022-12-25 06:19:58;6358;5
587;30;2022-05-12 13:03:11;15929;6
520;221;2022-07-20 13:46:52;22132;5
533;140;2022-04-28 23:40:32;36957;3
209;778;2022-12-23 05:32:34;8680;5
57;920;2022-02-23 02:35:17;25532;3
689;593;2022-05-06 19:36:06;21352;4
814;71;2022-11-15 10:42:59;1880;5
264;819;2022-02-20 18:12:34;12162;4
118;855;2022-03-02 03:11:39;7049;5
564;432;2022-08-09 03:23:21;44143;4
135;126;2022-09-16 14:19:51;12670;3
3;405;2022-02-25 03:22:44;11460;3
51;721;2022-03-04 15:30:05;40671;4
756;133;2022-12-20 15:02:41;43547;2
680;789;2022-03-29 04:16:27;14667;2
300;6;2022-10-04 02:54:16;6457;4
843;480;2022-10-03 12:19:07;40943;3
801;126;2022-03-24 16:55:03;11518;3
115;997;2022-03-19 02:44:21;13066;2
322;250;2022-12-27 04:50:08;7659;5
933;597;2022-10-09 12:02:20;3927;4
853;553;2022-10-12 03:38:01;10803;6
196;975;2022-07-06 20:48:14;42890;4
133;263;2022-06-09 08:33:04;25499;4
539;275;2022-04-24 12:15:51;12644;2
668;42;2022-06-01 23:11:55;15934;5
284;566;2022-10-17 01:06:08;39883;4
578;345;2022-04-03 14:51:08;3813;5
49;872;2022-03-08 21:41:02;32815;3
582;389;2022-12-07 09:17:59;36495;6
745;933;2022-04-24 22:33:24;37702;6
423;645;2022-08-14 21:32:30;27315;5
657;940;2022-05-23 03:55:17;29471;2
327;878;2022-09-02 09:11:16;40876;2
345;258;2022-08-25 05:17:30;13787;2
226;795;2022-11-12 16:13:15;40469;6
39;947;2022-03-04 17:32:05;40588;2
739;5;2022-07-22 05:06:48;38231;3
748;861;2022-05-25 15:32:23;12976;6
680;963;2022-10-02 14:50:28;9597;5
406;687;2022-10-21 14:11:30;5143;4
92;22;2022-08-14 13:49:53;4231;3
511;959;2022-09-01 17:47:29;4308;6
798;621;2022-03-29 21:55:45;22021;2
132;475;2022-02-22 07:21:59;4305;2
319;172;2022-09-26 00:50:52;29071;2
756;435;2022-01-04 08:11:37;7412;5
258;923;2022-05-18 18:54:19;22317;5
705;275;2022-04-22 18:58:54;29158;6
824;473;2022-06-14 16:05:02;15670;4
256;91;2022-03-01 17:00:09;33568;4
872;961;2022-05-07 20:45:59;36221;3
727;397;2022-08-15 19:17:56;26258;5
259;893;2022-05-05 02:47:24;22711;5
548;958;2022-10-25 00:32:52;33613;2
46;728;2022-07-21 16:35:13;2574;5
286;234;2022-11-29 13:37:06;13437;3
755;212;2022-03-07 16:59:06;40147;4
892;558;2022-04-01 01:39:04;36488;6
811;551;2022-03-15 21:33:07;6739;2
617;175;2022-09-20 11:54:54;30395;5
458;958;2022-05-24 23:44:56;44069;4
786;664;2022-08-07 18:25:48;10286;3
425;480;2022-11-24 00:23:04;14367;6
830;487;2022-05-18 07:33:23;44368;4
359;866;2022-06-17 10:24:25;43384;6
560;137;2022-08-23 01:12:06;3050;2
662;422;2022-12-18 15:21:59;4532;6
762;764;2022-08-10 04:39:54;17322;2
512;448;2022-07-11 11:38:55;29425;2
359;926;2022-03-13 23:33:46;3181;2
865;983;2022-07-09 00:51:35;13028;4
117;698;2022-10-29 09:23:06;22629;5
421;75;2022-01-15 00:11:48;2818;3
940;617;2022-05-16 01:19:57;43282;4
759;699;2022-04-09 07:32:12;3825;2
766;695;2022-06-10 21:43:23;20413;3
9;587;2022-05-18 21:35:35;42889;4
136;785;2022-12-20 02:16:23;7634;5
771;997;2022-08-31 17:05:17;8899;6
740;742;2022-03-11 05:24:49;36882;2
584;503;2022-01-25 14:41:07;38839;6
601;57;2022-03-15 06:29:41;24392;6
425;548;2022-03-13 19:35:48;21430;2
476;873;2022-10-25 04:06:45;7327;6
404;658;2022-02-01 11:57:14;31919;3
71;699;2022-05-10 06:12:21;14006;6
974;759;2022-10-04 06:09:01;23059;3
607;477;2022-08-07 06:35:33;33916;2
340;915;2022-08-15 00:01:15;16619;6
186;187;2022-03-13 19:24:56;10999;3
389;228;2022-08-30 14:13:07;23694;6
684;180;2022-08-04 06:43:12;33334;2
440;281;2022-12-31 04:33:18;4597;6
219;787;2022-06-30 13:14:17;16586;6
300;890;2022-02-23 05:04:15;37763;3
716;183;2022-01-01 13:34:24;40491;5
552;57;2022-12-07 09:09:00;30960;2
21;267;2022-10-18 15:48:32;15883;3
51;364;2022-12-20 19:59:29;41043;3
763;615;2022-05-06 13:41:47;15859;3
193;310;2022-05-31 04:16:18;11551;6
485;49;2022-12-05 01:29:08;8449;4
720;534;2022-03-24 09:05:05;28718;3
62;966;2022-04-13 14:33:56;34957;4
174;338;2022-07-16 08:51:13;1496;4
803;921;2022-05-22 06:39:10;10097;6
212;558;2022-07-07 23:29:22;31696;2
271;611;2022-01-07 11:58:19;7378;5
247;70;2022-09-26 13:33:32;40800;6
472;732;2022-11-14 16:35:27;38955;2
636;822;2022-03-03 10:39:55;20519;4
109;92;2022-04-13 05:54:41;42777;6
90;646;2022-03-04 21:13:13;10041;6
542;885;2022-11-20 13:21:52;24941;4
144;243;2022-08-03 09:31:02;19451;3
461;320;2022-06-12 14:42:57;42929;2
103;271;2022-03-30 20:31:09;10857;6
255;871;2022-08-22 23:04:30;31181;4
54;796;2022-09-08 00:39:54;33437;5
878;351;2022-06-14 10:58:26;7954;3
731;803;2022-02-17 00:11:48;26009;6
50;55;2022-06-12 18:49:59;29265;4
671;94;2022-06-09 13:26:17;31662;4
900;768;2022-12-13 04:26:07;19875;4
617;323;2022-03-01 23:21:55;16342;2
49;198;2022-01-14 21:49:26;14267;5
101;123;2022-10-11 12:01:52;26120;2
775;417;2022-01-16 08:16:51;43559;3
596;727;2022-12-01 23:10:46;37738;4
907;945;2022-01-15 06:18:01;18693;5
240;436;2022-09-19 21:14:13;35625;3
796;870;2022-05-11 23:31:32;35933;4
898;424;2022-12-28 05:36:56;29851;2
469;744;2022-01-26 14:41:16;18423;4
242;488;2022-05-19 05:54:04;13112;2
468;774;2022-05-29 09:32:29;5551;5
274;401;2022-01-18 22:28:01;29821;2
140;874;2022-10-12 07:04:15;31956;6
893;319;2022-07-22 06:38:39;32763;5
492;126;2022-11-19 12:46:34;10481;5
464;767;2022-02-20 15:14:03;39888;2
761;390;2022-10-27 01:39:28;15114;6
512;598;2022-10-20 12:19:27;7609;5
256;931;2022-03-24 11:53:18;2035;2
523;347;2022-03-30 08:52:53;22301;4
285;541;2022-07-13 01:45:34;42707;2
50;388;2022-01-18 16:53:21;7507;5
795;498;2022-05-25 19:19:16;14905;5
42;255;2022-07-25 00:35:40;9291;2
954;827;2022-08-16 14:15:19;22721;2
710;282;2022-03-01 22:01:42;13754;3
412;293;2022-02-21 22:22:32;16609;2
545;644;2022-11-02 17:45:57;17224;3
392;577;2022-09-10 16:22:05;6439;6
133;632;2022-10-06 20:08:29;31348;2
514;583;2022-09-20 01:02:03;8773;4
437;549;2022-11-10 16:01:33;2699;3
543;748;2022-04-04 23:34:38;29915;4
66;177;2022-02-20 09:19:51;34502;2
999;775;2022-07-28 07:55:53;43453;4
235;566;2022-07-12 23:10:40;37347;3
615;611;2022-06-09 20:08:56;9330;4
612;608;2022-07-03 17:57:47;37556;4
838;264;2022-05-07 09:18:48;38055;4
342;719;2022-09-26 01:51:44;9293;3
916;788;2022-12-20 22:21:31;8943;6
944;399;2022-05-31 11:09:18;26918;6
401;758;2022-06-05 02:53:34;40466;3
89;337;2022-11-27 11:01:30;27378;5
832;551;2022-12-18 11:19:08;19824;2
61;936;2022-12-21 02:02:52;20183;4
413;274;2022-01-28 05:39:37;24292;6
549;799;2022-03-03 05:10:29;1202;6
223;472;2022-03-21 05:54:19;35671;6
581;759;2022-06-21 22:53:51;33552;3
440;508;2022-09-10 15:43:52;29402;4
992;871;2022-12-01 11:44:35;31756;2
545;115;2022-10-15 10:43:44;29251;4
283;628;2022-03-22 23:25:12;18926;5
553;841;2022-07-05 11:24:04;40393;3
185;711;2022-06-28 01:30:01;14064;6
137;216;2022-11-13 13:49:14;9813;5
605;778;2022-06-24 07:17:08;40740;4
805;824;2022-02-05 16:09:17;2898;4
732;798;2022-04-07 08:56:34;36356;4
636;618;2022-01-26 00:21:03;27461;5
245;394;2022-09-30 12:15:28;10116;5
814;627;2022-01-04 08:53:23;31829;5
127;611;2022-02-10 07:05:15;1468;5
72;83;2022-06-23 12:11:51;35356;2
970;291;2022-08-27 13:30:54;16019;5
612;673;2022-01-29 18:17:18;30985;3
107;841;2022-12-26 02:52:49;2113;6
457;148;2022-10-26 21:37:37;42117;3
82;187;2022-12-27 16:45:39;18364;6
242;733;2022-04-11 10:20:31;36844;4
461;647;2022-11-27 21:26:10;9916;2
641;625;2022-05-12 09:14:20;16964;3
844;254;2022-12-19 21:00:43;20709;5
872;324;2022-11-05 19:49:41;35337;5
621;3;2022-08-19 23:00:02;8619;6
558;803;2022-03-25 05:56:04;10988;4
747;356;2022-06-09 03:11:17;31864;6
341;834;2022-11-12 04:36:18;39170;3
552;593;2022-01-07 00:08:57;19105;4
257;493;2022-11-04 10:57:38;39409;2
906;330;2022-05-21 23:23:37;2430;6
181;351;2022-04-03 18:46:06;34166;6
204;412;2022-09-30 16:50:23;37460;5
610;94;2022-03-10 04:04:58;4011;3
272;679;2022-07-26 19:27:53;1896;4
921;815;2022-08-01 10:50:20;35664;4
125;386;2022-07-25 05:01:24;38369;4
152;472;2022-07-26 11:22:44;39176;5
938;199;2022-05-05 02:22:48;43988;5
698;796;2022-01-02 10:38:44;9254;4
368;128;2022-07-08 09:45:08;22667;2
814;54;2022-10-21 05:48:16;28816;4
151;4;2022-12-18 14:08:18;31073;6
208;477;2022-08-27 14:14:41;11031;2
839;648;2022-12-06 00:56:27;14904;2
694;932;2022-07-27 02:29:35;2445;3
241;626;2022-05-08 18:36:48;38097;4
769;435;2022-03-17 04:32:12;4774;4
51;68;2022-03-11 12:49:52;5980;4
68;274;2022-02-21 16:20:16;32670;3
68;506;2022-02-28 17:13:43;24910;2
239;632;2022-06-11 09:13:14;5553;3
879;210;2022-04-19 01:56:08;21611;2
436;289;2022-12-18 11:37:05;25612;5
260;475;2022-03-31 17:19:11;35530;3
94;563;2022-08-23 23:58:15;11367;3
442;640;2022-06-02 15:52:01;44302;6
330;940;2022-01-08 11:00:56;40788;6
830;494;2022-11-25 02:12:18;35348;5
65;617;2022-12-08 00:46:39;38168;6
380;669;2022-04-20 00:48:20;7411;2
351;547;2022-11-15 20:55:06;41119;3
680;454;2022-04-18 01:23:17;2389;2
127;133;2022-03-23 22:10:48;8889;4
640;379;2022-03-03 15:01:09;39385;3
455;581;2022-01-22 22:02:51;8670;6
152;576;2022-05-20 18:50:48;21474;4
456;986;2022-08-14 10:14:19;7979;3
564;466;2022-02-09 08:06:21;4513;4
